{
    "train": {
        "loss": 2.1270298957824707,
        "accuracy": 0.9490000605583191
    },
    "eval": {
        "loss": 0.8582391738891602,
        "accuracy": 0.9780000448226929
    },
    "step": 4
}