{
    "train": {
        "loss": 0.07601616531610489,
        "accuracy": 0.9820000529289246
    },
    "eval": {
        "loss": 0.11550857126712799,
        "accuracy": 0.9810000658035278
    },
    "step": 14
}