{
    "train": {
        "loss": 0.13386644423007965,
        "accuracy": 0.9730000495910645
    },
    "eval": {
        "loss": 0.10596287250518799,
        "accuracy": 0.9810000658035278
    },
    "step": 14
}