{
    "train": {
        "loss": 0.08785344660282135,
        "accuracy": 0.9765000343322754
    },
    "eval": {
        "loss": 0.08770028501749039,
        "accuracy": 0.9830000400543213
    },
    "step": 14
}