{
    "train": {
        "loss": 0.11170604825019836,
        "accuracy": 0.9655000567436218
    },
    "eval": {
        "loss": 0.06956981122493744,
        "accuracy": 0.9790000319480896
    },
    "step": 4
}