{
    "train": {
        "loss": 1.5125007629394531,
        "accuracy": 0.9670000672340393
    },
    "eval": {
        "loss": 1.4415154457092285,
        "accuracy": 0.9800000190734863
    },
    "step": 14
}