{
    "train": {
        "loss": 0.16364628076553345,
        "accuracy": 0.9690000414848328
    },
    "eval": {
        "loss": 0.1427813470363617,
        "accuracy": 0.9830000400543213
    },
    "step": 14
}