{
    "train": {
        "loss": 0.07087770104408264,
        "accuracy": 0.9725000262260437,
        "precision": 0.9787234663963318,
        "recall": 0.9660000205039978
    },
    "eval": {
        "loss": 0.04416906461119652,
        "accuracy": 0.984000027179718,
        "precision": 0.9820717573165894,
        "recall": 0.9860000610351562
    },
    "step": 14
}