{
    "train": {
        "loss": 0.05084848403930664,
        "accuracy": 0.9825000762939453,
        "precision": 0.9888551831245422,
        "recall": 0.9760000705718994
    },
    "eval": {
        "loss": 0.048147059977054596,
        "accuracy": 0.9850000739097595,
        "precision": 0.9783037900924683,
        "recall": 0.9920000433921814
    },
    "step": 14
}